Platform,Remerciement,Feedback
Google Avis ,"Ce kit me sauve vraiment la vie, il est super complet et contient des produits vari√©s (l√©gumes, fruits, savons‚Ä¶) qui me serviront au quotidien. Cela me permet de manger convenablement et de bonnes choses ce qui est tr√®s difficile avec un budget √©tudiant‚Ä¶",
Google Avis ,"Tr√®s contente du panier, le concept est g√©nial pour les √©tudiants comme nous, petit point n√©gatif: je vous conseille d‚Äôemballer tous ce qui est hygi√®ne etc. J‚Äôai re√ßu du papier toilette, pas emball√© et d√©j√† entam√©‚Ä¶c‚Äôest pas tr√®s propre. Puis des claquettes, pas emball√©, avec des cheveux dessus..",
Google Avis ,"Super exp√©rience, merci beaucoup !! Les produits sont vari√©s et de qualit√©. Les personnes charg√©es de la distribution sont adorables.
Tr√®s heureuse de savoir qu‚Äôil existe encore des associations comme vous qui viennent en aide aux √©tudiants. Encore merci pour tout ",
Google Avis ,"Une initiative incroyable, merci √† ces personnes pour tout ce travail, √ßa fait chaud au c≈ìur de voir qu‚Äôil y a des gens, des personnes concern√©es ou non qui en ont quelque chose √† faire. Bon courage pour la suite, gros soutient √† tout les b√©n√©voles. ‚ù§Ô∏è (ps: le kit √©tait parfait! )",
Google Avis ,"C'est une excellente initiative pour aider les √©tudiants. Mon panier √©tait rempli de tr√®s bons produits, mon livreur √©tait super sympa. Tout √©tait g√©nial. Merci beaucoup",
Google Avis ,"Tr√®s bonne exp√©rience, le livreur √©tait tr√®s gentil et aimable. Le concept est g√©nial, je ne suis pas du tout d√©√ßue de ce que j‚Äôai re√ßue √ßa me fait vraiment plaisir que cela existe j‚Äôesp√®re que vous allez continuez et grandir !! Courage √† tout les √©tudiants et b√©n√©voles. Merci beaucoup.",
Google Avis ,"Le concept est incroyable, √ßa m‚Äôa honn√™tement sauver ma fin de mois. L‚Äô√©quipe est exceptionnel et super √† l‚Äô√©coute. Je ne pense pas qu‚Äôil se rende compte du bonheur qu‚Äôils apportent. Merci √† vous <3",
Google Avis ,"Je viens de vous d√©couvrir via la cha√Æne YouTube de Mcflurry&Carl. Et je tenez √† vous f√©liciter et vous donnez de la force. Ce que vous faites c‚Äôest grand, c‚Äôest beau et tr√®s admirable. J‚Äôesp√®re de tout c≈ìur que votre association et ses bienfaits ne vont cesser de grandir. Moi-m√™me qui suis √©tudiante je vous remercie.
Vous √™tes une source d‚Äôinspiration.",
Google Avis ,"Une √©quipe parfaite, tous tr√®s sympathiques, avec de la volont√© et l'amour d'aider. J'ai ador√© recevoir mon colis, avec des articles √©tonnants, et aussi avoir l'occasion de parler quelques minutes avec tout le monde. Merci beaucoup pour tout, Equipage Solidaire !",
Google Avis ,"Un grand merci pour l'√©quipe et bravo pour votre effort, le panier est super en plus livr√© √† nos propre maison . √áa nous diminue le stresse du budget qu'il ne faut pas d√©passer en tant qu'√©tudiant. Et de se nourrir convenablement.Bravoo!!!",
Google Avis ,"C'est vraiment tr√®s bien ! Le panier est bien rempli et la livraison s'est tr√®s bien pass√©e. C'est excellent comme concept √ßa m'aide √©norm√©ment, et merci √† la livreuse tr√®s aimable ! Merci beaucoup !",
Google Avis ,"J‚Äôaimerais remercier toute l‚Äô√©quipe de Delivr‚Äôaide pour le kit qui m‚Äôa bien √©t√© livr√© aujourd‚Äôhui. Je suis satisfaite et tr√®s joyeuse, √ßa a pratiquement refait ma journ√©e. MERCI BEAUCOUP ET BONNE CONTINUATION <33333",
Google Avis ,"Je viens juste de recevoir mon premier colis et j‚Äôen ai les larmes aux yeux, merci infiniment pour cet √©lan de solidarit√©. Il est si bon de se sentir aid√©.",
Google Avis ,Merci beaucoup Delivr‚Äôaide. Le kit est tr√®s bien et convient parfaitement au besoin de l‚Äô√©tudiant lambda. L‚Äô√©quipe de livraison est tr√®s cool. Je vous souhaite bien de choses pour le bonheur des √©tudiants.,
Google Avis ,"Le panier solidaire est G√âNIAL. J‚Äôai re√ßu √©norm√©ment de produits, alimentaires et hygi√©nique. J‚Äôai √©t√© agr√©ablement surprise et ne m‚Äôattendais pas √† autant. Merci beaucoup üí™üèΩ force et honneur",
Google Avis ,"Cette association est incroyable ! La situation actuelle empire pour les √©tudiants les plus pr√©caires : inflation, baisse des APL... En clair, √™tre de nos jours un √©tudiant n√©cessite d'avoir des aides concr√®tes, or cette association ""L' √âquipage Solidaire"" est l'exemple parfait de ce qu'il faut faire. Je recommande vivement de mettre en lumi√®re la d√©marche de ces 3 jeunes, qui sont sensibles √† la cause des √©tudiants !!!",
Google Avis ,"Je ne suis pas √©tudiante mais juste ce message pour vous donner de la force et du soutien ! Bravo pour cette belle initiative, pour votre altruisme et votre g√©n√©rosit√© ! Vous √™tes vraiment de belles personnes ! Bravo √† toutes les √©quipes ! ",
Google Avis ,"Merci beaucoup pour ce panier qui est tr√®s complet, tr√®s bonne initiative c‚Äôest g√©nial. Le livreur est tr√®s gentil. Bonne continuation!",
Google Avis ,"Contenu du colis totalement inattendu, j‚Äôai √©t√© agr√©ablement surpris et le livreur √©tait souriant et tr√®s agr√©able, Je vous remercie infiniment et j‚Äôesp√®re que plein d‚Äôautre personnes pourront b√©n√©ficier de votre aide.",
Google Avis ,"J‚Äôai command√© √† Montpellier le mois dernier, avec un petit mois d‚Äôattente (normal car d√©but dans cette zone, manque de b√©n√©vole et que je pense que certaine personne ont tout int√©r√™t √† passer avant moi), j‚Äôai re√ßu un kit incroyable avec tout de n√©cessaire pour tenir une bonne semaine.Merci beaucoup, je viens de voir la vid√©o et j‚Äôavais compl√®tement zapp√© de mettre un commentaire",
Google Avis ,"Un panier assez complet avec le n√©cessaire, des produits alimentaires et d'hygi√®ne aussi, je tiens √† pr√©ciser que j'ai mentionn√© lors de ma commande que je consomme pas d'alcool ni de viande, et effectivement c'est bien respect√©. Je vous remercie √©norm√©ment pour cette aide. Merciii pour la livreuse tr√®s accueillante et sympathique",
Google Avis ,Merci beaucoup pour ce panier bien garni qui me sauve la vie en tant que √©tudiante ! Merci √† Thomas pour sa livraison rapide et sa gentillesse ! Merci √† tous les b√©n√©voles et bravo pour cette belle initiative !,
Google Avis ,Un grand merciii √† vous ! Le kit √©tait tr√®s complet et la personne qui m‚Äôa livr√© √©tait d‚Äôune gentillesse exceptionnelle ! Vous √™tes une r√©elle aide pour les √©tudiants !,
Google Avis ,Super colis bien remplit que ce soit au niveau alimentaire comme hygi√®ne. Il y a vraiment de tout: sucr√© comme sal√©.,
Google Avis ,"Une association au top. Merci √† eux, qui font un travail formidable ! J'ai pu les d√©couvrir lors de la derni√®re vid√©o de Mcfly et Carlito, que je peux vous conseiller afin de d√©couvrir cette association. Flexible sur les dates, en fonction des disponibilit√©s, l'√©quipe est tr√®s conviviale et les produits partag√©s sont de qualit√© pour subvenir aux besoins d'√©tudiants en pr√©carit√©.",
Google Avis ,"Tr√®s bon panier, tr√®s bonne initiative. Merci pour votre aide. Livr√© dans les temps, avec livreur tr√®s aimable.",
Google Avis ,"Je ne saurais m√™me pas comment d√©crire √† quel point ces gens sont merveilleux    Je ne m'attendais pas √† un sac aussi rempli et la gentillesse des livreurs.. ( Yovann si tu lis ceci ) La vie c'est pas facile en ce moment, mentalement et financi√®rement alors vraiment un √©norme merci √† toute l'association de juste exister",
Google Avis ,"Bonsoir, Je vous remercie pour le colis. Il est trop bien. Merci beaucoup √† Madame Daphnie, elle est arriv√©e √† l'heure et elle est gentille et sympathique.",
Google Avis ,"J'ai √©t√© livr√©e par une b√©n√©vole tr√®s tr√®s sympa, elle s'appelle Daphn√©e, elle m'a ramen√© le colis jusqu'√† chez moi, bien que j'habite tr√®s loin en banlieue de Paris.
Merci √† elle.
En plus les articles que j'ai re√ßu sont bons (bars feed, soupe aux ch√¢taignes, p√¢tes au bl√© complet, signal, bain douche, chocolat milka, Thon et chips, l√©gumes en conserves 3*300gr)",
Google Avis ,"Alors, juste pour dire que j'ai vu la vid√©o de McFly et Carlito et que j'ai trouv√© √ßa G√âNIAL enfin des gens qui r√©fl√©chissent ! C'est incroyable ce que vous faites .",
Google Avis ,Reyan meilleur livreur ! Il est super arrangeant et j'ai pu avoir mon panier alors que j'ai eu un probl√®me sur l'application mais gr√¢ce √† lui j'ai pu le r√©cup√©rer. Merci a cette super association,
Google Avis ,"je recommande !! ils sont adorables et j‚Äôai re√ßu √©norm√©ment de choses qui m‚Äôont permis de tenir un bon moments, j‚Äôai encore par exemple du shampooing et autres produits d‚Äôhygi√®ne. merci √† eux!",
Google Avis ,"Merciiii beaucoup, vraiment merci. (Et merci au super livreur Herv√© le bienveillant :)) Gr√¢ce √† vous j‚Äôai pu souffler un peu du stress financier que les √©tudiants subissent souvent.. Je vous souhaite que du bon !
PS : Je vous offre un super plan de mes chaussettes arc-en-ciel sur la photos des nombreux articles pr√©sents dans le panier",
Google Avis ,Je vous souhaite ou plut√¥t je souhaite √† tous les √©tudiants dans le besoin que vous vous d√©veloppez partout en France en esp√©rant qu‚Äôun jour plus personne n‚Äôaura besoin d‚Äôune association pour quelque chose d‚Äôaussi basique et vital que manger‚Ä¶,
Google Avis ,"Le contenu du sac est ph√©nom√©nal, et le livreur √âmile √©tait super sympa, √† l‚Äôheure et agr√©able! Merci pour votre travail, et esp√®re que √ßa continuera longtemps encore",
Google Avis ,"Le principe de Delivr‚Äôaide est, je le r√©p√®te, plus que r√©volutionnaire. Un concept fou avec des paniers fous et un livreur tr√®s sympathique qui prenait plaisir √† aider. Merci encore pour cela et merci d‚Äôaider des gens dans le besoin.",
Google Avis ,Mon kit √©tait riche et vari√© de produits :),
Google Avis ,Merci √† Farideh pour la livraison et sa gentillesse,
Google Avis ,G√©nial !! Un peu d'attente pour traiter les infos mais ensuite on re√ßoit un gros sachet de course qui d√©panne vraiment !,
Google Avis ,Equipe au top ! Super contact avec l'√©quipe b√©n√©vole et les livreurs. Des produits qui apportent un super soutien pour les √©tudiants. Merci encore !,
Google Avis ,"Superbe initiative, on a besoin de personnes comme vous ! C'est vraiment une super image que vous v√©hiculez avec un beau message",
Google Avis ,"je viens de la vid√©o de mcfly et carlito et malgr√© le fait que je n‚Äôai pas command√© sur votre site je trouve le concept tr√®s bon, et il faudrait plus de personnes comme √ßa, alors bravo √† vous, j‚Äôesp√®re aussi que vous recruterez plus de b√©n√©voles, merci √† vous!!",
Google Avis ,C'√©tait excellent et je remercie surtout la personne hyper gentille et souriante qui a ramen√© mon kit.,
Google Avis ,Merci pour les courses et pour la livraison rapide !! J‚Äôai √©t√© livr√©e par Reyan qui est juste trop adorable et super gentil !!,
Google Avis ,"Bonjour, je suis au lyc√©e et j'ai vu la vid√©o de mcfly et carlito ce qui m'a donn√© envie de faire un stage chez vous, j'esp√®re en avoir l'occasion en tout cas et d'ici l√†, tout ce que j'√©conomise ira surement dans un don pour l'association. Comment ne pas mettre 5 √©toiles ?",
Google Avis ,"Incroyable ce que vous faites. Il y a beaucoup de choses dans un seul panier et les produits sont de bonnes qualit√©s, √ßa fait trop plaisir, merci ",
Google Avis ,"Un sac rempli de produit d‚Äôhygi√®ne, de la bonne nourriture et surtout des b√©n√©voles super souriant √ßa fait vraiment plaisir",
Google Avis ,"Bonjour, je viens de recevoir mon kit et franchement grand merci! Y' a tellement de trucs, je suis choqu√©, m√™me des soins hygi√®ne et tout. Merci beaucoup pour tout ce que vous faites.
J'esp√®re pouvoir vous accompagner lors de prochaines actions.",
Google Avis ,"Kit complet,la dame qui m'a livr√© √©tait tr√®s gentille.",
Google Avis ,Merci beaucoup je suis tr√®s contente,
Google Avis ,"C'est une excellente initiative !! Je suis trop contente d'avoir pu avoir mon panier, merci √† Daphn√©e pour la livraison",
Google Avis ,c‚Äôest Daphn√©e qui m‚Äôa livr√©e elle est hyper sympa et le kit et super merci beaucoup! :),
Google Avis ,"Panier hyper g√©n√©reux avec vraiment tout ce qu‚Äôil faut, les b√©n√©voles sont adorables et aux petits soins. Merci beaucoup.",
Google Avis ,"J‚Äôai √©t√© livr√© par Daphn√©e une jeune femme sympathique qui aime le relationnel, elle a prit le temps de discuter, franchement au top !",
Google Avis ,"Tr√®s bonne exp√©rience, merci beaucoup !! Les produits sont tr√®s vari√©s et de qualit√©. L‚Äôaccompagnement et les personnes charg√©es de la distribution sont adorables.",
Google Avis ,"Salut √† vous. J‚Äôai jamais command√©, mais j‚Äôai vu la vid√©o de mcfly et Carlito. Je viulais vous f√©liciter pour votre initiative, moi m√™me √©tudiante en pleine gal√®re pour payer des course je trouve √ßa super! J‚Äôesp√®re que vous aller r√©ussir √† vous d√©velopper et m√™me a venir dans les villes moyennes ( moi m√™me √©tudiant a Roanne, ville moyenne dans la Loire) Je vous donne tout le courage du monde et si jamais vous ouvrez des dons je serais la premi√®re √† essayer de mettre des sous pour vous soutenir ! Bon courage et merci pour nous.",
Google Avis ,"Je n‚Äôai m√™me pas les
mots pour remercier cette aide qui est plus que parfaite ! Merci √† toute l‚Äô√©quipe",
Google Avis ,Parfait! Merci au chauffeur tr√®s sympa. Je recommenderai delivr'aide mes amis en gal√®re,
Google Avis ,"Superbe initiative, on a besoin de personnes comme vous ! C'est vraiment une super image que vous v√©hiculez avec un beau message",
Google Avis ,Merci a √©quipe et au livreur pour se magnifique panier kit solidaire qui m'aidera pour les jours et semaine a venir,
Google Avis ,"Apr√®s avoir vu la vid√©o de Mcfly & Carlito, c‚Äôest tr√®s tr√®s √©mouvant et vraiment magnifique ! Soyez fort et ne changez rien ! Vous √™tes incroyables",
Google Avis ,Vraiment super !!! Merci beaucoup √† Daphn√© de m‚Äôavoir livr√© mon kit,
Google Avis ,Communication tr√®s simple et super sympa ! Merci beaucoup pour le panier,
Google Avis ,Je n'est pas eux besoins de vos services mais je soutiens a 100% un petit avis positif pour vous envoyer du courage et de la force. Merci de faire bouger les choses !,
Google Avis ,C‚Äôest incroyable se que vous faites vous √™tes des h√©ros des personnes en or vraiment je suis de Suisse mais si j‚Äôaurais √©t√© de France je serais venu livr√©s,
Google Avis ,"Livreur tr√®s gentils et disponibles, et le sac √©tait vraiment bien fournis il y avait tout ce dont j‚Äôai besoin, merci beaucoup je recommande √† 100%",
Google Avis ,"Bonjour, je viens de recevoir mon kit et je vous dit un grand MERCI. J'ai obtenu √©norm√©ment de produits (hygi√©niques, viennoiseries, sauces, f√©culents,....). Encore merci !",
Google Avis ,"Service rapide et tr√®s utile pour celles et ceux qui sont dans une pr√©carit√© et qui ont du mal √† faire leur course, il y a tout le n√©cessaire ! Je recommande vivement ! Merci beaucoup",
Google Avis ,"Merci infiniment pour votre pr√©cieuse aide, j'appr√©cie √©norm√©ment votre d√©marche ! La remarque que j'aurai n√©anmoins est que j'ai √©t√© vraiment surprise du choix des produits... hormis le riz, la mac√©doine en boite, les haricots et la sauce tomate, tout le reste n'est que de la ""mal bouffe"". La mal bouffe est je penses, pour la plupart des √©tudiants, d√©j√† √† notre port√© puisqu'elle est la moins ch√®re et nous gal√©rons justement √† nous en d√©faire. Je m'attendais donc √† recevoir des fruits/l√©gumes principalement, peut-√™tre des √©pices avec mais pas du chocolat, du Lipton, des Doritos qui ne me nourrissent pas. Et pour finir sur des notes positives, un grand merci pour les tampons, et mouchoirs, ainsi qu'√† Farideh qui m'a livr√© le panier. Merci pour sa gentillesse et pour tout le reste du staff. Belle fin d'ann√©e √† vous tous",
Google Avis ,Encore merci √† L‚Äô√©quipage solidaire pour votre aide ! J‚Äôai re√ßu un merveilleux panier bien rempli et les √©tudiants en ont bien besoin aujourd‚Äôhui ! Encore merci,
Google Avis ,Tr√®s grand bravo pour cette initiative ! H√¢te de voir vos services se d√©ployer dans le grand ouest!,
Google Avis ,"Delivr‚Äôaide apporte vraiment des produits g√©niaux, pour la vie de tous les jours! Je trouve cela magnifique et surtout g√©n√©reux d‚Äôoffrir ce service, de prendre le temps d‚Äôaider les √©tudiants! Encore merci!",
Google Avis ,"Incroyable merci beaucoup !!! une aide et une g√©n√©rosit√© incroyable ! Sa r√©chauffe vraiment le coeur pour des etudiant qui n‚Äôont pas leur famille sur paris d‚Äôavoir une aide comme √ßa ! Vous avez pensez √† tout , hygi√®ne , denr√©e sur le long terme MERCI MILLE FOIS √† vous tous! C‚Äôest particuli√®rement difficile les fin de mois et vous assurez vraiment merci pour votre aide et votre smile",
Google Avis ,"Les livreurs sont tr√®s sympathique et ils font un travail formidable, bon courage √† eux.",
Google Avis ,"Force et soutien face √† ce mouvement solidaire entre √©tudiants!! Votre engagement est r√©ellement touchant, un grand merci √† toute l‚Äô√©quipe pour ce que vous faites  ",
Google Avis ,"La livraison c‚Äôest super bien pass√©e, une communication claire et simple, c‚Äôest un super service et ce qu‚Äôils proposent est tout aussi bien, je recommande fortement et merci encore !!",
Google Avis ,Tr√®s sympa! Hyper amical! C‚Äôest le Top! Souriant et Bienveillant Douceur et bonheur dans ce froid hivernal parisien !,
Google Avis ,"Panier super remplit avec de la nourriture comme des produits d‚Äôhygi√®ne, je ne m‚Äôattendais pas √† autant !! Et la livreuse adorable ! Merci beaucoup",
Google Avis ,"Perso j'suis alternant donc j'en ai plus besoin mais il y a quelques ann√©es, √ßa m'aurais bien aid√©. Tr√®s belle initiative.",
Google Avis ,"La personne avec qui j‚Äôai √©chang√© √©tait tr√®s gentille. J‚Äôai re√ßu des c√©r√©ales, des p√¢tes, des chips ‚Ä¶etc.
Je recommande !",
Google Avis ,"Vraiment cool comme panier sachant que c'est gratuit, j'ai quand m√™me eu bcp moins de produits que les autres avis je ne sais pas pourquoi, et j'ai eu du pat√© alors que je suis sans viande, √† part √ßa, que des trucs essentiels que je mange merci",
Google Avis ,"Au top !! Super panier condiments, produits hygi√©niques ! et surtout un grand merci pour votre aide ",
Google Avis ,Livraison bien re√ßue avec pleins de produits !! Au top je recommande   ,
Google Avis ,"Tr√®s belle initiative, tr√®s bon contact avec le livreur. Plateforme √† l‚Äô√©coute. Merci √† eux !",
Google Avis ,Super association ! Merci beaucoup √† Yovann pour la livraison,
Google Avis ,"La livraison fut parfaite et rapide de plus un panier solidaire tr√®s fourni de quoi tenir un mois, merci grandement et que Dieu vous b√©nisse richement.",
Google Avis ,"Livreur au top, j'ai re√ßu aujourd'hui un kit complet et vari√©.
Merci beaucoup !",
Google Avis ,"Une initiative incroyable ! Bravo pour votre √©nergie et votre g√©n√©rosit√©, vous √™tes vraiment inspirants !",
Google Avis ,"Une √©quipe au top, g√©n√©reuse et qui se bouge pour les √©tudiants qui sont dans le besoin ! Un grand merci pour votre initiative ",
Google Avis ,Incroyablement incroyable tellement touch√© et sinc√®re c‚Äôest fou de voir que des personnes aussi jeune sont tellement investi et mature pour pouvoir aid√© des personnes en difficult√©. Tout simplement merci,
Google Avis ,F√©licitations √† vous !! Vous avez pensez √† faire une cha√Æne YouTube? Pour mettre encore plus de lumi√®re et donner envie aux gens de vivre √ßa avec vous ?,
Google Avis ,Trop cool merci √† l‚Äô√©quipe vous √™tes g√©niaux !,
Google Avis ,Super de voir des jeunes investis et solidaire. Gros soutiens depuis la Suisse il nous faudrait une asso comme la votre.,
Google Avis ,"Panier au top, b√©n√©voles adorables et compr√©hensifs ! Merci pour tout <3",
Google Avis ,"Magnifique projet, continuez comme √ßa, votre petit geste d‚Äôaujourd‚Äôhui fera tout changer demain!!! ",
Google Avis ,Delivr'aide est juste magnifique. L'√©quipe est hyper sympa. Tout est parfait. J'aime trop.,
Google Avis ,"De la communication jusqu‚Äô√† la livraison, la quantit√© de produits, le service et la sympathie du livreur, tout y est",
Google Avis ,"Tr√®s satisfait de mon panier, ils sont tr√®s gentil",
Google Avis ,"Tr√®s bonne iniciative qui aide aux √©tudiants, j‚Äôai re√ßu aujourd‚Äôhui mon panier solidaire et la quantit√© est parfaite! Merci beaucoup",
Google Avis ,Un immense merci pour cette aide ! √áa fait chaud au coeur de ne plus avoir ses placards vides !,
Google Avis ,RESPECT ! Incroyable ce que vous faites ! Bonne continuation et ne l√¢ch√© rien,
Google Avis ,Ce que vous faites est incroyable et g√©n√©reux ! Merci du fond du c≈ìur.,
Google Avis ,"Grosse force √† vous les gars, ce que vous faites  est magique.",
Google Avis ,"Je n'ai qu'un mot √† dire f√©licitation et bravo, ce que ces √©tudiants ont r√©ussi √† accomplir est extraordinaire. Merci √† vous!",
Google Avis ,"Panier complet, vraiment super et livreur tr√®s gentil",
Google Avis ,"Super association, de tr√®s belles valeurs et une superbe √©quipe ! Force √† vous ! ",
Google Avis ,Merci infiniment Delivr'aide. J'ai re√ßu deux sac bien plein et je pense tenir au moins un bon mois.,
Google Avis ,"Un accueil chaleureux, personne √† l‚Äô√©coute. En tant qu‚Äô√©tudiante √ßa m‚Äôa fait chaud au coeur de savoir que l‚Äôon est soutenue !",
Google Avis ,"Livraison rapide, panier vari√© et tr√®s complet ! Merci beaucoup !",
Google Avis ,"je n'en profite pas, mais je voudrais vous envoyer toute ma force et mon soutien. merci pour ce que vous faites. merci vraiment !!!",
Google Avis ,"Bravo pour ce geste, merci pour tous les √©tudiants en situation pr√©caire. Une belle preuve de solidarit√©.",
Google Avis ,"Super id√©e, bravo pour ce que vous accomplissez !",
Google Avis ,"√Ä l'heure, sympathique et bonne initiative, merci beaucoup pour l'aide",
Google Avis ,"En plus d‚Äôavoir eu de super produits alimentaires ou non, le livreur n‚Äô√©tait pas n‚Äôimporte qui haha. Merci beaucoup",
Google Avis ,Merci beaucoup de votre aide et je suis tr√®s satisfaite de mon panier,
Google Avis ,Bravo a toutes et √† tous pour cette initiative. Vous √™tes g√©niaux,
Google Avis ,Le kit est vraiment complet et  les b√©n√©voles tr√®s tr√®s sympathiques,
Google Avis ,Tr√®s satisfait du panier beaucoup de choses diverses d'hygi√®nes et de nourritures  ! Un grand merci aux b√©n√©voles,
Google Avis ,"F√©licitations √† vous trois, je vous aime",
Google Avis ,"Beau projet et belle √©quipe, merci pour votre passage et votre bonne humeur",
Google Avis ,Une association extraordinaire et indispensable pour les √©tudiants. Un projet qui a un impact immense,
Google Avis ,Une √©quipe au top et l‚Äôinitiative est juste incroyable merci √† vous,
Google Avis ,"Merci au livreur pour la r√©ception, et pour les produits de qualit√© ! Bon courage !",
Google Avis ,"Cette organisation m‚Äôas vraiment aider, sans aucune contrepartie !",
Google Avis ,Livraison au top ! Pannier bien rempli ! Merci infiniment,
Google Avis ,"Tr√®s tr√®s belle initiative. Force √† vous, on est ensemble",
Google Avis ,Ils sont vraiment tr√®s fort et merci √† eux tous pour ces actions ,
Google Avis ,Super service. Le livreur Bilel est super sympa et professionnel.,
Google Avis ,"bravo pour ce que vous faites, je vous d√©couvre avec youtube. plein de soutien, et venez dans l‚ÄôOuest ",
Google Avis ,"Tr√®s bon service, hormis le fait que je suis v√©g√©tarienne, et que le panier contenait de la viande",
Google Avis ,C'√©tait parfait ! Merci Vicent !,
Google Avis ,Merci infiniment pour tout ce que vous faites et le mal que vous vous donnez !,
Google Avis ,Vous aidez tellement de gens ! Continuez comme ca !!,
Google Avis ,"J'ai re√ßu mon colis aujourd'hui, le livreur est trop sympa et super professionnel je recommande.",
Google Avis ,Je suis super satisfaite de mon exp√©rience tout est parfait c‚Äôest une action incroyable :),
Google Avis ,"Meilleure association de France pour les √©tudiants, je recommande √† 100%",
Google Avis ,"Je vous donne un 5 √©toiles, du Canada! Je vous es connu sur la vid√©o de McFly et Carlito !!",
Google Avis ,Je m‚Äôattendais √† plus de sal√©e et moins de produit d‚Äôhygi√®ne mais √† part c‚Äôest top merci beaucoup pour votre g√©n√©rosit√©,
Google Avis ,Tr√®s bon service et panier merci aux b√©n√©voles et √† l‚Äôassociation d‚Äôaider les √©tudiants,
Google Avis ,"Accueil chaleureux, personnel aimable et tr√®s accueillant. Bref, je recommande pour les √©tudiants dans le besoin",
Google Avis ,"Un kit qui aide beaucoup, merci pour ce que vous faites !",
Google Avis ,"Tr√®s pratique, merci beaucoup",
Google Avis ,Troop satisfait j‚Äôai re√ßu un sac plein (vraiment plein) de tout !!!,
Google Avis ,Je recommande fortement. Les livreurs sont tr√®s sympathiques et gentils.,
Google Avis ,Kit livr√© dans de bonnes conditions ! Merci pour ce que vous faites :),
Google Avis ,Parfait! Des personnes extraordinaires et tellement gentils. Merci d‚Äôaider les √©tudiants dans ses moments durs.,
Google Avis ,Le kit m'aide √©norm√©ment avec toutes sorte de produits et je l'ai remercie .,
Google Avis ,"Il y‚Äôa un peu de tout dans le panier et les b√©n√©voles sont agr√©ables , je recommande",
Google Avis ,"Livreur au top, kit complet avec vraiment toute sorte de course (conserve, sucr√©, sal√©, hygi√®ne, ‚Ä¶)",